trade_id,timestamp,price,quantity,side,venue,symbol,snapshot_id
984587285,2026-03-29T20:19:08.206000+00:00,66568.0,4.091e-05,sell,okx,BTC-USDT,0
984587284,2026-03-29T20:19:06.361000+00:00,66568.1,0.00010054,sell,okx,BTC-USDT,0
984587283,2026-03-29T20:19:06.361000+00:00,66568.1,1.236e-05,sell,okx,BTC-USDT,0
984587282,2026-03-29T20:19:06.361000+00:00,66568.1,0.00010786,sell,okx,BTC-USDT,0
984587281,2026-03-29T20:19:06.361000+00:00,66569.0,7.224e-05,sell,okx,BTC-USDT,0
984587280,2026-03-29T20:19:06.361000+00:00,66569.0,8.341e-05,sell,okx,BTC-USDT,0
984587279,2026-03-29T20:19:06.353000+00:00,66570.9,0.0022,sell,okx,BTC-USDT,0
984587278,2026-03-29T20:19:06.353000+00:00,66570.9,0.00299876,sell,okx,BTC-USDT,0
984587277,2026-03-29T20:19:05.970000+00:00,66571.0,0.02101167,buy,okx,BTC-USDT,0
984587276,2026-03-29T20:19:05.920000+00:00,66571.0,1.001e-05,buy,okx,BTC-USDT,0
984587275,2026-03-29T20:19:05.919000+00:00,66571.0,1e-08,buy,okx,BTC-USDT,0
984587274,2026-03-29T20:19:05.919000+00:00,66571.0,1e-05,buy,okx,BTC-USDT,0
984587273,2026-03-29T20:19:05.913000+00:00,66569.8,0.00502321,buy,okx,BTC-USDT,0
984587272,2026-03-29T20:19:05.913000+00:00,66569.8,0.03656701,buy,okx,BTC-USDT,0
984587271,2026-03-29T20:19:05.913000+00:00,66569.8,0.06343299,buy,okx,BTC-USDT,0
984587270,2026-03-29T20:19:05.912000+00:00,66567.7,1e-05,buy,okx,BTC-USDT,0
984587269,2026-03-29T20:19:05.912000+00:00,66567.1,0.003,buy,okx,BTC-USDT,0
984587268,2026-03-29T20:19:05.912000+00:00,66567.1,0.01384836,buy,okx,BTC-USDT,0
984587267,2026-03-29T20:19:05.912000+00:00,66567.1,0.02424,buy,okx,BTC-USDT,0
984587266,2026-03-29T20:19:04.124000+00:00,66567.0,0.000751,sell,okx,BTC-USDT,0
984587265,2026-03-29T20:19:04.124000+00:00,66567.0,0.000751,sell,okx,BTC-USDT,0
984587264,2026-03-29T20:19:04.124000+00:00,66567.0,0.000751,sell,okx,BTC-USDT,0
984587263,2026-03-29T20:19:04.123000+00:00,66567.0,0.03374248,sell,okx,BTC-USDT,0
984587262,2026-03-29T20:19:04.123000+00:00,66567.0,0.000751,sell,okx,BTC-USDT,0
984587261,2026-03-29T20:19:04.123000+00:00,66567.0,5.015e-05,sell,okx,BTC-USDT,0
984587260,2026-03-29T20:19:04.123000+00:00,66567.0,0.000751,sell,okx,BTC-USDT,0
984587259,2026-03-29T20:19:04.123000+00:00,66567.0,0.00070086,sell,okx,BTC-USDT,0
984587258,2026-03-29T20:19:04.123000+00:00,66567.3,1.514e-05,sell,okx,BTC-USDT,0
984587257,2026-03-29T20:19:04.123000+00:00,66567.6,2e-05,sell,okx,BTC-USDT,0
984587256,2026-03-29T20:19:04.123000+00:00,66568.5,1.5e-05,sell,okx,BTC-USDT,0
984587255,2026-03-29T20:19:04.118000+00:00,66571.1,0.00011424,sell,okx,BTC-USDT,0
984587254,2026-03-29T20:19:04.118000+00:00,66571.1,0.00010747,sell,okx,BTC-USDT,0
984587253,2026-03-29T20:19:04.118000+00:00,66571.1,1.289e-05,sell,okx,BTC-USDT,0
984587252,2026-03-29T20:19:04.115000+00:00,66573.2,0.001513,sell,okx,BTC-USDT,0
984587251,2026-03-29T20:19:04.115000+00:00,66573.5,0.01,sell,okx,BTC-USDT,0
984587250,2026-03-29T20:19:04.115000+00:00,66574.0,0.00299879,sell,okx,BTC-USDT,0
984587249,2026-03-29T20:19:04.115000+00:00,66574.0,0.01,sell,okx,BTC-USDT,0
984587248,2026-03-29T20:19:03.956000+00:00,66574.6,1.514e-05,sell,okx,BTC-USDT,0
984587247,2026-03-29T20:19:03.939000+00:00,66575.1,0.00011196,sell,okx,BTC-USDT,0
984587246,2026-03-29T20:19:03.939000+00:00,66575.1,0.00011871,sell,okx,BTC-USDT,0
984587245,2026-03-29T20:19:03.939000+00:00,66575.1,1.333e-05,sell,okx,BTC-USDT,0
984587244,2026-03-29T20:19:03.743000+00:00,66577.0,0.001513,sell,okx,BTC-USDT,0
984587243,2026-03-29T20:19:03.743000+00:00,66577.0,0.0022,sell,okx,BTC-USDT,0
984587242,2026-03-29T20:19:03.362000+00:00,66579.2,0.00011729,sell,okx,BTC-USDT,0
984587241,2026-03-29T20:19:03.362000+00:00,66579.2,0.00012523,sell,okx,BTC-USDT,0
984587240,2026-03-29T20:19:03.362000+00:00,66579.2,1.387e-05,sell,okx,BTC-USDT,0
984587239,2026-03-29T20:19:03.362000+00:00,66580.0,0.0011,sell,okx,BTC-USDT,0
984587238,2026-03-29T20:19:03.316000+00:00,66582.0,0.0022,sell,okx,BTC-USDT,0
984587237,2026-03-29T20:19:02.975000+00:00,66582.1,0.00010513,buy,okx,BTC-USDT,0
984587236,2026-03-29T20:19:01.523000+00:00,66581.5,0.00300548,buy,okx,BTC-USDT,0
984587235,2026-03-29T20:19:01.514000+00:00,66580.0,0.00046162,buy,okx,BTC-USDT,0
984587234,2026-03-29T20:19:01.514000+00:00,66578.8,1.622e-05,buy,okx,BTC-USDT,0
984587233,2026-03-29T20:19:01.514000+00:00,66578.2,1.514e-05,buy,okx,BTC-USDT,0
984587232,2026-03-29T20:19:01.512000+00:00,66577.8,6.899e-05,buy,okx,BTC-USDT,0
984587231,2026-03-29T20:19:01.512000+00:00,66577.0,8.488e-05,buy,okx,BTC-USDT,0
984587230,2026-03-29T20:19:01.463000+00:00,66575.8,1.672e-05,buy,okx,BTC-USDT,0
984587229,2026-03-29T20:19:01.463000+00:00,66575.0,0.00300578,buy,okx,BTC-USDT,0
984587228,2026-03-29T20:19:01.423000+00:00,66573.8,0.00300583,buy,okx,BTC-USDT,0
984587227,2026-03-29T20:19:01.423000+00:00,66573.1,0.0015,buy,okx,BTC-USDT,0
984587226,2026-03-29T20:19:01.373000+00:00,66571.4,9.031e-05,buy,okx,BTC-USDT,0
984587225,2026-03-29T20:19:01.368000+00:00,66569.8,0.0022,buy,okx,BTC-USDT,0
984587224,2026-03-29T20:19:01.360000+00:00,66567.9,2.753e-05,buy,okx,BTC-USDT,0
984587223,2026-03-29T20:19:01.360000+00:00,66567.8,1.705e-05,buy,okx,BTC-USDT,0
984587222,2026-03-29T20:19:00.173000+00:00,66566.0,0.00153442,buy,okx,BTC-USDT,0
984587221,2026-03-29T20:19:00.173000+00:00,66566.0,0.0022,buy,okx,BTC-USDT,0
984587220,2026-03-29T20:19:00.162000+00:00,66565.4,0.00015066,buy,okx,BTC-USDT,0
984587219,2026-03-29T20:18:57.959000+00:00,66565.1,0.01502288,buy,okx,BTC-USDT,0
984587218,2026-03-29T20:18:52.061000+00:00,66565.1,0.00034225,buy,okx,BTC-USDT,0
984587217,2026-03-29T20:18:50.927000+00:00,66565.1,1.852e-05,buy,okx,BTC-USDT,0
984587216,2026-03-29T20:18:48.828000+00:00,66565.0,0.0005,sell,okx,BTC-USDT,0
984587215,2026-03-29T20:18:47.232000+00:00,66565.9,0.0022,sell,okx,BTC-USDT,0
984587214,2026-03-29T20:18:46.950000+00:00,66564.1,0.00051485,buy,okx,BTC-USDT,0
984587213,2026-03-29T20:18:46.950000+00:00,66564.1,0.00058515,buy,okx,BTC-USDT,0
984587212,2026-03-29T20:18:46.950000+00:00,66564.1,0.00015071,buy,okx,BTC-USDT,0
984587211,2026-03-29T20:18:46.950000+00:00,66563.6,1.514e-05,buy,okx,BTC-USDT,0
984587210,2026-03-29T20:18:46.945000+00:00,66562.9,0.00300632,buy,okx,BTC-USDT,0
984587209,2026-03-29T20:18:46.945000+00:00,66560.8,0.03004,buy,okx,BTC-USDT,0
984587208,2026-03-29T20:18:46.945000+00:00,66558.7,1.751e-05,buy,okx,BTC-USDT,0
984587207,2026-03-29T20:18:46.945000+00:00,66557.9,0.0022,buy,okx,BTC-USDT,0
984587206,2026-03-29T20:18:46.945000+00:00,66557.5,1e-05,buy,okx,BTC-USDT,0
984587205,2026-03-29T20:18:45.817000+00:00,66556.0,0.00450748,buy,okx,BTC-USDT,0
984587204,2026-03-29T20:18:45.651000+00:00,66556.0,0.00011719,buy,okx,BTC-USDT,0
984587203,2026-03-29T20:18:44.114000+00:00,66555.7,1.802e-05,buy,okx,BTC-USDT,0
984587202,2026-03-29T20:18:42.694000+00:00,66553.5,0.0022,buy,okx,BTC-USDT,0
984587201,2026-03-29T20:18:42.649000+00:00,66552.7,1.858e-05,buy,okx,BTC-USDT,0
984587200,2026-03-29T20:18:42.596000+00:00,66551.4,0.00024792,buy,okx,BTC-USDT,0
984587199,2026-03-29T20:18:42.596000+00:00,66550.9,1.901e-05,buy,okx,BTC-USDT,0
984587198,2026-03-29T20:18:36.931000+00:00,66548.0,0.00074207,sell,okx,BTC-USDT,0
984587197,2026-03-29T20:18:36.144000+00:00,66548.1,0.00057027,buy,okx,BTC-USDT,0
984587196,2026-03-29T20:18:36.005000+00:00,66549.0,0.0011,sell,okx,BTC-USDT,0
984587195,2026-03-29T20:18:35.995000+00:00,66550.1,0.0011,sell,okx,BTC-USDT,0
984587194,2026-03-29T20:18:35.873000+00:00,66551.3,1.163e-05,sell,okx,BTC-USDT,0
984587193,2026-03-29T20:18:35.873000+00:00,66552.0,5.837e-05,sell,okx,BTC-USDT,0
984587192,2026-03-29T20:18:35.873000+00:00,66552.0,5.375e-05,sell,okx,BTC-USDT,0
984587191,2026-03-29T20:18:35.873000+00:00,66552.0,8.533e-05,sell,okx,BTC-USDT,0
984587190,2026-03-29T20:18:35.873000+00:00,66554.0,0.0022,sell,okx,BTC-USDT,0
984587189,2026-03-29T20:18:35.873000+00:00,66554.0,0.00068104,sell,okx,BTC-USDT,0
984587188,2026-03-29T20:18:35.246000+00:00,66554.1,0.0004663,buy,okx,BTC-USDT,0
984587187,2026-03-29T20:18:35.148000+00:00,66554.2,0.00036999,sell,okx,BTC-USDT,0
984587186,2026-03-29T20:18:35.148000+00:00,66554.9,1e-05,sell,okx,BTC-USDT,0
984587185,2026-03-29T20:18:35.128000+00:00,66556.3,1.514e-05,sell,okx,BTC-USDT,0
984587184,2026-03-29T20:18:34.907000+00:00,66562.7,0.00346084,sell,okx,BTC-USDT,0
984587183,2026-03-29T20:18:34.907000+00:00,66562.7,0.01036574,sell,okx,BTC-USDT,0
984587182,2026-03-29T20:18:34.840000+00:00,66565.8,0.0022,sell,okx,BTC-USDT,0
984587181,2026-03-29T20:18:34.431000+00:00,66565.9,0.000751,buy,okx,BTC-USDT,0
984587180,2026-03-29T20:18:34.431000+00:00,66565.9,0.000751,buy,okx,BTC-USDT,0
984587179,2026-03-29T20:18:34.431000+00:00,66565.9,0.000751,buy,okx,BTC-USDT,0
984587178,2026-03-29T20:18:34.428000+00:00,66566.0,0.002253,buy,okx,BTC-USDT,0
984587177,2026-03-29T20:18:34.428000+00:00,66566.0,0.002253,buy,okx,BTC-USDT,0
984587176,2026-03-29T20:18:34.428000+00:00,66566.0,0.0013,buy,okx,BTC-USDT,0
984587175,2026-03-29T20:18:34.428000+00:00,66566.0,0.0001562,buy,okx,BTC-USDT,0
984587174,2026-03-29T20:18:34.428000+00:00,66566.0,1.5e-05,buy,okx,BTC-USDT,0
984587173,2026-03-29T20:18:34.428000+00:00,66565.9,0.0009,buy,okx,BTC-USDT,0
984587172,2026-03-29T20:18:34.428000+00:00,66565.9,0.0011818,buy,okx,BTC-USDT,0
984587171,2026-03-29T20:18:34.424000+00:00,66565.9,0.0003182,buy,okx,BTC-USDT,0
984587170,2026-03-29T20:18:34.424000+00:00,66565.5,0.0009,buy,okx,BTC-USDT,0
984587169,2026-03-29T20:18:34.424000+00:00,66565.5,0.0004,buy,okx,BTC-USDT,0
984587168,2026-03-29T20:18:34.424000+00:00,66565.5,0.0001648,buy,okx,BTC-USDT,0
984587167,2026-03-29T20:18:34.424000+00:00,66565.5,1.952e-05,buy,okx,BTC-USDT,0
984587166,2026-03-29T20:18:34.424000+00:00,66565.0,1e-05,buy,okx,BTC-USDT,0
984587165,2026-03-29T20:18:34.422000+00:00,66563.1,0.00015074,buy,okx,BTC-USDT,0
984587164,2026-03-29T20:18:34.418000+00:00,66562.9,0.00068104,buy,okx,BTC-USDT,0
984587163,2026-03-29T20:18:33.273000+00:00,66562.8,0.00189872,sell,okx,BTC-USDT,0
984587162,2026-03-29T20:18:32.393000+00:00,66562.9,0.03435906,buy,okx,BTC-USDT,0
984587161,2026-03-29T20:18:32.393000+00:00,66562.9,0.0009,buy,okx,BTC-USDT,0
984587160,2026-03-29T20:18:32.393000+00:00,66562.9,0.0011,buy,okx,BTC-USDT,0
984587159,2026-03-29T20:18:32.393000+00:00,66562.9,0.0022,buy,okx,BTC-USDT,0
984587158,2026-03-29T20:18:32.383000+00:00,66559.9,1.514e-05,buy,okx,BTC-USDT,0
984587157,2026-03-29T20:18:32.383000+00:00,66559.5,2e-05,buy,okx,BTC-USDT,0
984587156,2026-03-29T20:18:32.383000+00:00,66558.7,0.0015,buy,okx,BTC-USDT,0
984587155,2026-03-29T20:18:32.379000+00:00,66558.1,3.026e-05,buy,okx,BTC-USDT,0
984587154,2026-03-29T20:18:32.377000+00:00,66556.9,0.03604276,buy,okx,BTC-USDT,0
984587153,2026-03-29T20:18:32.377000+00:00,66556.9,0.01617659,buy,okx,BTC-USDT,0
984587152,2026-03-29T20:18:32.376000+00:00,66556.9,0.02095605,buy,okx,BTC-USDT,0
984587151,2026-03-29T20:18:32.376000+00:00,66556.9,0.0004,buy,okx,BTC-USDT,0
984587150,2026-03-29T20:18:32.376000+00:00,66556.9,0.0792,buy,okx,BTC-USDT,0
984587149,2026-03-29T20:18:32.376000+00:00,66556.9,0.03140126,buy,okx,BTC-USDT,0
984587148,2026-03-29T20:18:32.376000+00:00,66556.6,0.00016024,buy,okx,BTC-USDT,0
984587147,2026-03-29T20:18:32.376000+00:00,66556.6,1.999e-05,buy,okx,BTC-USDT,0
984587146,2026-03-29T20:18:32.376000+00:00,66556.0,0.03004,buy,okx,BTC-USDT,0
984587145,2026-03-29T20:18:32.373000+00:00,66554.3,0.0991,buy,okx,BTC-USDT,0
984587144,2026-03-29T20:18:32.373000+00:00,66554.3,0.1417,buy,okx,BTC-USDT,0
984587143,2026-03-29T20:18:32.373000+00:00,66554.3,0.02318,buy,okx,BTC-USDT,0
984587142,2026-03-29T20:18:32.373000+00:00,66554.3,0.00068124,buy,okx,BTC-USDT,0
984587141,2026-03-29T20:18:32.373000+00:00,66554.3,0.10300766,buy,okx,BTC-USDT,0
984587140,2026-03-29T20:18:32.373000+00:00,66554.3,0.0011,buy,okx,BTC-USDT,0
984587139,2026-03-29T20:18:29.830000+00:00,66554.3,0.00279771,buy,okx,BTC-USDT,0
984587138,2026-03-29T20:18:27.863000+00:00,66551.4,0.0015,buy,okx,BTC-USDT,0
984587137,2026-03-29T20:18:27.863000+00:00,66551.0,2.039e-05,buy,okx,BTC-USDT,0
984587136,2026-03-29T20:18:27.863000+00:00,66550.4,0.00013972,buy,okx,BTC-USDT,0
984587135,2026-03-29T20:18:27.863000+00:00,66550.4,0.00012323,buy,okx,BTC-USDT,0
984587134,2026-03-29T20:18:27.863000+00:00,66549.0,0.003,buy,okx,BTC-USDT,0
984587133,2026-03-29T20:18:27.863000+00:00,66549.0,0.00068134,buy,okx,BTC-USDT,0
984587132,2026-03-29T20:18:27.458000+00:00,66549.0,0.02353636,buy,okx,BTC-USDT,0
984587131,2026-03-29T20:18:25.835000+00:00,66549.0,0.00080229,buy,okx,BTC-USDT,0
984587130,2026-03-29T20:18:25.835000+00:00,66549.0,0.0022,buy,okx,BTC-USDT,0
984587129,2026-03-29T20:18:25.777000+00:00,66548.9,0.0004651,sell,okx,BTC-USDT,0
984587128,2026-03-29T20:18:25.777000+00:00,66548.9,0.0022,sell,okx,BTC-USDT,0
984587127,2026-03-29T20:18:21.954000+00:00,66544.2,0.0015,buy,okx,BTC-USDT,0
984587126,2026-03-29T20:18:21.954000+00:00,66543.3,0.03005561,buy,okx,BTC-USDT,0
984587125,2026-03-29T20:18:21.954000+00:00,66543.3,0.00015298,buy,okx,BTC-USDT,0
984587124,2026-03-29T20:18:21.954000+00:00,66543.3,0.00015431,buy,okx,BTC-USDT,0
984587123,2026-03-29T20:18:21.954000+00:00,66543.2,0.0045446,buy,okx,BTC-USDT,0
984587122,2026-03-29T20:18:21.954000+00:00,66543.2,0.102,buy,okx,BTC-USDT,0
984587121,2026-03-29T20:18:21.954000+00:00,66543.2,0.0178,buy,okx,BTC-USDT,0
984587120,2026-03-29T20:18:21.953000+00:00,66542.8,2.088e-05,buy,okx,BTC-USDT,0
984587119,2026-03-29T20:18:21.953000+00:00,66542.7,0.00468772,buy,okx,BTC-USDT,0
984587118,2026-03-29T20:18:21.953000+00:00,66541.1,0.00061255,buy,okx,BTC-USDT,0
984587117,2026-03-29T20:18:21.953000+00:00,66541.1,0.00080376,buy,okx,BTC-USDT,0
984587116,2026-03-29T20:18:21.953000+00:00,66541.1,0.00050172,buy,okx,BTC-USDT,0
984587115,2026-03-29T20:18:21.953000+00:00,66541.1,0.00061255,buy,okx,BTC-USDT,0
984587114,2026-03-29T20:18:21.953000+00:00,66541.1,0.00080375,buy,okx,BTC-USDT,0
984587113,2026-03-29T20:18:21.953000+00:00,66541.1,0.00080376,buy,okx,BTC-USDT,0
984587112,2026-03-29T20:18:21.953000+00:00,66541.1,0.003,buy,okx,BTC-USDT,0
984587111,2026-03-29T20:18:19.739000+00:00,66541.0,0.00074164,sell,okx,BTC-USDT,0
984587110,2026-03-29T20:18:18.900000+00:00,66541.0,7.539e-05,sell,okx,BTC-USDT,0
984587109,2026-03-29T20:18:18.293000+00:00,66541.5,0.00018526,sell,okx,BTC-USDT,0
984587108,2026-03-29T20:18:18.292000+00:00,66543.1,0.0022,sell,okx,BTC-USDT,0
984587107,2026-03-29T20:18:17.802000+00:00,66543.1,0.02,sell,okx,BTC-USDT,0
984587106,2026-03-29T20:18:17.784000+00:00,66543.2,0.00074,buy,okx,BTC-USDT,0
984587105,2026-03-29T20:18:17.784000+00:00,66543.2,0.00074,buy,okx,BTC-USDT,0
984587104,2026-03-29T20:18:17.782000+00:00,66543.0,0.01048164,sell,okx,BTC-USDT,0
984587103,2026-03-29T20:18:17.782000+00:00,66543.1,0.0009,sell,okx,BTC-USDT,0
984587102,2026-03-29T20:18:17.782000+00:00,66543.1,0.0011,sell,okx,BTC-USDT,0
984587101,2026-03-29T20:18:17.782000+00:00,66543.1,0.00751836,sell,okx,BTC-USDT,0
984587100,2026-03-29T20:18:17.775000+00:00,66544.5,0.16875782,sell,okx,BTC-USDT,0
984587099,2026-03-29T20:18:17.775000+00:00,66544.5,1e-05,sell,okx,BTC-USDT,0
984587098,2026-03-29T20:18:17.775000+00:00,66545.5,0.08875791,sell,okx,BTC-USDT,0
984587097,2026-03-29T20:18:17.775000+00:00,66547.8,0.04742066,sell,okx,BTC-USDT,0
984587096,2026-03-29T20:18:17.775000+00:00,66548.1,0.03795313,sell,okx,BTC-USDT,0
984587095,2026-03-29T20:18:17.775000+00:00,66548.3,0.07800001,sell,okx,BTC-USDT,0
984587094,2026-03-29T20:18:17.775000+00:00,66548.4,0.012,sell,okx,BTC-USDT,0
984587093,2026-03-29T20:18:17.775000+00:00,66548.4,1.501e-05,sell,okx,BTC-USDT,0
984587092,2026-03-29T20:18:17.775000+00:00,66548.5,0.00751702,sell,okx,BTC-USDT,0
984587091,2026-03-29T20:18:17.775000+00:00,66550.1,0.03755443,sell,okx,BTC-USDT,0
984587090,2026-03-29T20:18:17.775000+00:00,66550.3,0.01849757,sell,okx,BTC-USDT,0
984587089,2026-03-29T20:18:17.775000+00:00,66550.3,0.01987975,sell,okx,BTC-USDT,0
984587088,2026-03-29T20:18:17.775000+00:00,66551.6,0.08699999,sell,okx,BTC-USDT,0
984587087,2026-03-29T20:18:17.775000+00:00,66551.7,0.08875791,sell,okx,BTC-USDT,0
984587086,2026-03-29T20:18:17.775000+00:00,66552.6,1e-05,sell,okx,BTC-USDT,0
984587085,2026-03-29T20:18:17.775000+00:00,66552.7,0.02715324,sell,okx,BTC-USDT,0
984587084,2026-03-29T20:18:17.775000+00:00,66552.7,0.02597248,sell,okx,BTC-USDT,0
984587083,2026-03-29T20:18:17.775000+00:00,66554.6,0.01902962,sell,okx,BTC-USDT,0
984587082,2026-03-29T20:18:17.775000+00:00,66555.0,0.01333104,sell,okx,BTC-USDT,0
984587081,2026-03-29T20:18:17.775000+00:00,66555.1,1.501e-05,sell,okx,BTC-USDT,0
984587080,2026-03-29T20:18:17.775000+00:00,66555.2,0.00751872,sell,okx,BTC-USDT,0
984587079,2026-03-29T20:18:17.775000+00:00,66558.0,0.0415,sell,okx,BTC-USDT,0
984587078,2026-03-29T20:18:17.775000+00:00,66559.0,0.0415,sell,okx,BTC-USDT,0
984587077,2026-03-29T20:18:17.775000+00:00,66560.0,0.0415,sell,okx,BTC-USDT,0
984587076,2026-03-29T20:18:17.775000+00:00,66560.0,0.08862,sell,okx,BTC-USDT,0
984587075,2026-03-29T20:18:17.775000+00:00,66560.1,0.06361632,sell,okx,BTC-USDT,0
984587074,2026-03-29T20:18:17.775000+00:00,66560.8,1e-05,sell,okx,BTC-USDT,0
984587073,2026-03-29T20:18:17.775000+00:00,66561.0,0.0415,sell,okx,BTC-USDT,0
984587072,2026-03-29T20:18:17.775000+00:00,66561.7,0.0011,sell,okx,BTC-USDT,0
984587071,2026-03-29T20:18:17.775000+00:00,66561.7,0.001507,sell,okx,BTC-USDT,0
984587070,2026-03-29T20:18:17.775000+00:00,66561.7,0.0022,sell,okx,BTC-USDT,0
984587069,2026-03-29T20:18:17.775000+00:00,66561.7,0.01366,sell,okx,BTC-USDT,0
984587068,2026-03-29T20:18:17.155000+00:00,66561.8,0.03758098,buy,okx,BTC-USDT,0
984587067,2026-03-29T20:18:16.833000+00:00,66561.7,0.00034,sell,okx,BTC-USDT,0
984587066,2026-03-29T20:18:16.822000+00:00,66561.8,0.02661015,buy,okx,BTC-USDT,0
984587065,2026-03-29T20:18:16.822000+00:00,66561.8,0.01100014,buy,okx,BTC-USDT,0
984587064,2026-03-29T20:18:16.568000+00:00,66561.8,0.09308957,buy,okx,BTC-USDT,0
984587063,2026-03-29T20:18:16.527000+00:00,66561.8,0.03761029,buy,okx,BTC-USDT,0
984587062,2026-03-29T20:18:16.496000+00:00,66560.1,0.00709897,buy,okx,BTC-USDT,0
984587061,2026-03-29T20:18:16.492000+00:00,66560.1,0.01489998,buy,okx,BTC-USDT,0
984587060,2026-03-29T20:18:16.492000+00:00,66560.1,0.00799373,buy,okx,BTC-USDT,0
984587059,2026-03-29T20:18:16.492000+00:00,66560.1,0.01598001,buy,okx,BTC-USDT,0
984587058,2026-03-29T20:18:16.491000+00:00,66560.1,0.01382,buy,okx,BTC-USDT,0
984587057,2026-03-29T20:18:16.491000+00:00,66560.1,0.01604805,buy,okx,BTC-USDT,0
984587056,2026-03-29T20:18:16.491000+00:00,66560.1,0.01510306,buy,okx,BTC-USDT,0
984587055,2026-03-29T20:18:16.491000+00:00,66560.1,0.00755,buy,okx,BTC-USDT,0
984587054,2026-03-29T20:18:16.490000+00:00,66560.1,0.01168006,buy,okx,BTC-USDT,0
984587053,2026-03-29T20:18:16.490000+00:00,66560.1,0.00950595,buy,okx,BTC-USDT,0
984587052,2026-03-29T20:18:16.469000+00:00,66560.0,0.02,sell,okx,BTC-USDT,0
984587051,2026-03-29T20:18:16.454000+00:00,66560.1,0.00012019,buy,okx,BTC-USDT,0
984587050,2026-03-29T20:18:16.443000+00:00,66560.1,0.0392446,buy,okx,BTC-USDT,0
984587049,2026-03-29T20:18:16.436000+00:00,66560.1,0.00261418,buy,okx,BTC-USDT,0
984587048,2026-03-29T20:18:16.429000+00:00,66560.0,0.001126,sell,okx,BTC-USDT,0
984587047,2026-03-29T20:18:16.429000+00:00,66560.0,0.001126,sell,okx,BTC-USDT,0
984587046,2026-03-29T20:18:16.429000+00:00,66560.0,0.00066438,sell,okx,BTC-USDT,0
984587045,2026-03-29T20:18:16.429000+00:00,66560.0,0.00046162,sell,okx,BTC-USDT,0
984587044,2026-03-29T20:18:16.416000+00:00,66567.3,0.00751509,sell,okx,BTC-USDT,0
984587043,2026-03-29T20:18:16.416000+00:00,66567.3,0.00300603,sell,okx,BTC-USDT,0
984587042,2026-03-29T20:18:16.416000+00:00,66567.3,0.01326182,sell,okx,BTC-USDT,0
984587041,2026-03-29T20:18:16.404000+00:00,66568.5,0.00300585,sell,okx,BTC-USDT,0
984587040,2026-03-29T20:18:16.404000+00:00,66568.5,0.0908,sell,okx,BTC-USDT,0
984587039,2026-03-29T20:18:16.404000+00:00,66568.5,0.018,sell,okx,BTC-USDT,0
984587038,2026-03-29T20:18:16.390000+00:00,66567.1,0.000751,sell,okx,BTC-USDT,0
984587037,2026-03-29T20:18:16.390000+00:00,66567.1,0.000751,sell,okx,BTC-USDT,0
984587036,2026-03-29T20:18:16.390000+00:00,66567.1,0.00073599,sell,okx,BTC-USDT,0
984587035,2026-03-29T20:18:16.390000+00:00,66568.5,1.501e-05,sell,okx,BTC-USDT,0
984587034,2026-03-29T20:18:16.387000+00:00,66568.9,0.18426817,sell,okx,BTC-USDT,0
984587033,2026-03-29T20:18:16.387000+00:00,66568.9,0.02,sell,okx,BTC-USDT,0
984587032,2026-03-29T20:18:16.387000+00:00,66568.9,0.01,sell,okx,BTC-USDT,0
984587031,2026-03-29T20:18:16.387000+00:00,66568.9,0.00300505,sell,okx,BTC-USDT,0
984587030,2026-03-29T20:18:16.387000+00:00,66568.9,0.00884121,sell,okx,BTC-USDT,0
984587029,2026-03-29T20:18:16.345000+00:00,66569.0,0.02401502,buy,okx,BTC-USDT,0
984587028,2026-03-29T20:18:16.321000+00:00,66572.2,0.0075121,sell,okx,BTC-USDT,0
984587027,2026-03-29T20:18:16.321000+00:00,66572.2,0.00277456,sell,okx,BTC-USDT,0
984587026,2026-03-29T20:18:16.319000+00:00,66572.2,0.00023028,sell,okx,BTC-USDT,0
984587025,2026-03-29T20:18:16.319000+00:00,66572.2,0.01109843,sell,okx,BTC-USDT,0
984587024,2026-03-29T20:18:16.316000+00:00,66572.2,0.0011,sell,okx,BTC-USDT,0
984587023,2026-03-29T20:18:16.301000+00:00,66572.3,0.00751151,sell,okx,BTC-USDT,0
984587022,2026-03-29T20:18:16.301000+00:00,66572.3,0.00236083,sell,okx,BTC-USDT,0
984587021,2026-03-29T20:18:16.298000+00:00,66572.3,0.11228878,sell,okx,BTC-USDT,0
984587020,2026-03-29T20:18:16.296000+00:00,66572.2,0.04899857,sell,okx,BTC-USDT,0
984587019,2026-03-29T20:18:16.296000+00:00,66572.7,0.001506,sell,okx,BTC-USDT,0
984587018,2026-03-29T20:18:16.296000+00:00,66573.0,0.1,sell,okx,BTC-USDT,0
984587017,2026-03-29T20:18:16.296000+00:00,66573.1,0.1,sell,okx,BTC-USDT,0
984587016,2026-03-29T20:18:16.296000+00:00,66573.2,0.1,sell,okx,BTC-USDT,0
984587015,2026-03-29T20:18:16.296000+00:00,66573.3,0.00751763,sell,okx,BTC-USDT,0
984587014,2026-03-29T20:18:16.296000+00:00,66573.4,0.16787218,sell,okx,BTC-USDT,0
984587013,2026-03-29T20:18:16.296000+00:00,66573.4,0.09001973,sell,okx,BTC-USDT,0
984587012,2026-03-29T20:18:16.296000+00:00,66575.0,0.03004,sell,okx,BTC-USDT,0
984587011,2026-03-29T20:18:16.296000+00:00,66575.0,0.07163465,sell,okx,BTC-USDT,0
984587010,2026-03-29T20:18:16.295000+00:00,66575.0,0.02836535,sell,okx,BTC-USDT,0
984587009,2026-03-29T20:18:16.295000+00:00,66575.0,0.00751048,sell,okx,BTC-USDT,0
984587008,2026-03-29T20:18:16.295000+00:00,66575.0,0.00300419,sell,okx,BTC-USDT,0
984587007,2026-03-29T20:18:16.295000+00:00,66575.0,0.00575,sell,okx,BTC-USDT,0
984587006,2026-03-29T20:18:16.295000+00:00,66575.0,0.00368204,sell,okx,BTC-USDT,0
984587005,2026-03-29T20:18:16.295000+00:00,66575.0,0.11550796,sell,okx,BTC-USDT,0
984587004,2026-03-29T20:18:16.295000+00:00,66575.0,0.01728642,sell,okx,BTC-USDT,0
984587003,2026-03-29T20:18:16.294000+00:00,66575.0,0.0015,sell,okx,BTC-USDT,0
984587002,2026-03-29T20:18:16.270000+00:00,66575.0,0.00060679,sell,okx,BTC-USDT,0
984587001,2026-03-29T20:18:16.268000+00:00,66575.1,0.0008263,buy,okx,BTC-USDT,0
984587000,2026-03-29T20:18:16.260000+00:00,66575.1,0.00528941,buy,okx,BTC-USDT,0
984586999,2026-03-29T20:18:16.251000+00:00,66575.0,0.00060679,sell,okx,BTC-USDT,0
984586998,2026-03-29T20:18:16.243000+00:00,66575.1,0.054863,buy,okx,BTC-USDT,0
984586997,2026-03-29T20:18:16.243000+00:00,66575.1,0.00052432,sell,okx,BTC-USDT,0
984586996,2026-03-29T20:18:16.242000+00:00,66575.1,8.246e-05,sell,okx,BTC-USDT,0
984586995,2026-03-29T20:18:16.242000+00:00,66576.9,0.14535722,sell,okx,BTC-USDT,0
984586994,2026-03-29T20:18:16.242000+00:00,66577.0,0.10216032,sell,okx,BTC-USDT,0
984586993,2026-03-29T20:18:16.242000+00:00,66577.0,0.00090001,sell,okx,BTC-USDT,0
984586992,2026-03-29T20:18:16.242000+00:00,66577.1,0.00074,buy,okx,BTC-USDT,0
984586991,2026-03-29T20:18:16.240000+00:00,66576.9,0.03865201,sell,okx,BTC-USDT,0
984586990,2026-03-29T20:18:16.240000+00:00,66576.9,0.0915,sell,okx,BTC-USDT,0
984586989,2026-03-29T20:18:16.240000+00:00,66578.1,0.11284799,sell,okx,BTC-USDT,0
984586988,2026-03-29T20:18:16.240000+00:00,66578.7,0.053313,buy,okx,BTC-USDT,0
984586987,2026-03-29T20:18:16.240000+00:00,66578.6,0.0009,buy,okx,BTC-USDT,0
984586986,2026-03-29T20:18:16.239000+00:00,66578.1,0.00603637,sell,okx,BTC-USDT,0
984586985,2026-03-29T20:18:16.239000+00:00,66578.7,0.00074,buy,okx,BTC-USDT,0
984586984,2026-03-29T20:18:16.238000+00:00,66578.1,0.00030564,sell,okx,BTC-USDT,0
984586983,2026-03-29T20:18:16.238000+00:00,66578.5,0.01461748,sell,okx,BTC-USDT,0
984586982,2026-03-29T20:18:16.238000+00:00,66578.7,0.00074,buy,okx,BTC-USDT,0
984586981,2026-03-29T20:18:16.238000+00:00,66578.5,0.03755707,sell,okx,BTC-USDT,0
984586980,2026-03-29T20:18:16.238000+00:00,66578.5,0.02395207,sell,okx,BTC-USDT,0
984586979,2026-03-29T20:18:16.238000+00:00,66578.6,0.01844793,sell,okx,BTC-USDT,0
984586978,2026-03-29T20:18:16.236000+00:00,66578.6,0.00106001,sell,okx,BTC-USDT,0
984586977,2026-03-29T20:18:16.236000+00:00,66578.6,0.09968206,sell,okx,BTC-USDT,0
984586976,2026-03-29T20:18:16.234000+00:00,66578.8,0.00074,buy,okx,BTC-USDT,0
984586975,2026-03-29T20:18:16.234000+00:00,66578.6,0.05354588,sell,okx,BTC-USDT,0
984586974,2026-03-29T20:18:16.234000+00:00,66578.6,0.0007,sell,okx,BTC-USDT,0
984586973,2026-03-29T20:18:16.234000+00:00,66578.6,0.00016,sell,okx,BTC-USDT,0
984586972,2026-03-29T20:18:16.234000+00:00,66578.7,0.022422,sell,okx,BTC-USDT,0
984586971,2026-03-29T20:18:16.234000+00:00,66578.7,7.212e-05,sell,okx,BTC-USDT,0
984586970,2026-03-29T20:18:16.234000+00:00,66578.7,0.0474,sell,okx,BTC-USDT,0
984586969,2026-03-29T20:18:16.227000+00:00,66578.7,0.07171788,sell,okx,BTC-USDT,0
984586968,2026-03-29T20:18:16.227000+00:00,66579.4,0.0011,sell,okx,BTC-USDT,0
984586967,2026-03-29T20:18:16.227000+00:00,66579.4,0.0009,sell,okx,BTC-USDT,0
984586966,2026-03-29T20:18:16.227000+00:00,66580.5,0.0915,sell,okx,BTC-USDT,0
984586965,2026-03-29T20:18:16.220000+00:00,66578.9,0.00074,buy,okx,BTC-USDT,0
984586964,2026-03-29T20:18:16.220000+00:00,66578.6,0.00074,sell,okx,BTC-USDT,0
984586963,2026-03-29T20:18:16.217000+00:00,66575.0,0.00074,sell,okx,BTC-USDT,0
984586962,2026-03-29T20:18:16.217000+00:00,66586.5,0.00054659,buy,okx,BTC-USDT,0
984586961,2026-03-29T20:18:16.217000+00:00,66586.5,0.01373304,buy,okx,BTC-USDT,0
984586960,2026-03-29T20:18:16.217000+00:00,66586.1,1.5e-05,buy,okx,BTC-USDT,0
984586959,2026-03-29T20:18:16.217000+00:00,66585.8,4.383e-05,buy,okx,BTC-USDT,0
984586958,2026-03-29T20:18:16.217000+00:00,66585.8,0.00034994,buy,okx,BTC-USDT,0
984586957,2026-03-29T20:18:16.217000+00:00,66585.8,4.364e-05,buy,okx,BTC-USDT,0
984586956,2026-03-29T20:18:16.217000+00:00,66578.2,0.00300398,buy,okx,BTC-USDT,0
984586955,2026-03-29T20:18:16.217000+00:00,66578.2,0.00226398,buy,okx,BTC-USDT,0
984586954,2026-03-29T20:18:16.216000+00:00,66578.2,0.00074,buy,okx,BTC-USDT,0
984586953,2026-03-29T20:18:16.216000+00:00,66575.0,0.0006,sell,okx,BTC-USDT,0
984586952,2026-03-29T20:18:16.214000+00:00,66585.5,6.783e-05,buy,okx,BTC-USDT,0
984586951,2026-03-29T20:18:16.214000+00:00,66585.5,9.57e-05,buy,okx,BTC-USDT,0
984586950,2026-03-29T20:18:16.214000+00:00,66585.3,1.789e-05,buy,okx,BTC-USDT,0
984586949,2026-03-29T20:18:16.214000+00:00,66585.1,0.00035195,buy,okx,BTC-USDT,0
984586948,2026-03-29T20:18:16.214000+00:00,66584.9,0.0012794,buy,okx,BTC-USDT,0
984586947,2026-03-29T20:18:16.214000+00:00,66584.9,0.00050718,buy,okx,BTC-USDT,0
984586946,2026-03-29T20:18:16.214000+00:00,66584.7,0.02345996,buy,okx,BTC-USDT,0
984586945,2026-03-29T20:18:16.214000+00:00,66584.4,0.00066109,buy,okx,BTC-USDT,0
984586944,2026-03-29T20:18:16.214000+00:00,66584.3,2.065e-05,buy,okx,BTC-USDT,0
984586943,2026-03-29T20:18:16.214000+00:00,66584.1,1.004e-05,buy,okx,BTC-USDT,0
984586942,2026-03-29T20:18:16.214000+00:00,66584.0,1.006e-05,buy,okx,BTC-USDT,0
984586941,2026-03-29T20:18:16.214000+00:00,66583.9,0.00047124,buy,okx,BTC-USDT,0
984586940,2026-03-29T20:18:16.214000+00:00,66583.7,4e-05,buy,okx,BTC-USDT,0
984586939,2026-03-29T20:18:16.214000+00:00,66583.7,3.669e-05,buy,okx,BTC-USDT,0
984586938,2026-03-29T20:18:16.214000+00:00,66583.6,0.00317872,buy,okx,BTC-USDT,0
984586937,2026-03-29T20:18:16.214000+00:00,66583.3,0.0002076,buy,okx,BTC-USDT,0
984586936,2026-03-29T20:18:16.214000+00:00,66583.2,0.03759023,buy,okx,BTC-USDT,0
984586935,2026-03-29T20:18:16.214000+00:00,66583.1,1.043e-05,buy,okx,BTC-USDT,0
984586934,2026-03-29T20:18:16.214000+00:00,66583.1,0.00202074,buy,okx,BTC-USDT,0
984586933,2026-03-29T20:18:16.214000+00:00,66582.7,1.514e-05,buy,okx,BTC-USDT,0
984586932,2026-03-29T20:18:16.214000+00:00,66582.7,2.76e-05,buy,okx,BTC-USDT,0
984586931,2026-03-29T20:18:16.214000+00:00,66582.4,1.03e-05,buy,okx,BTC-USDT,0
984586930,2026-03-29T20:18:16.214000+00:00,66582.0,1.001e-05,buy,okx,BTC-USDT,0
984586929,2026-03-29T20:18:16.214000+00:00,66582.0,1.192e-05,buy,okx,BTC-USDT,0
984586928,2026-03-29T20:18:16.214000+00:00,66582.0,1.018e-05,buy,okx,BTC-USDT,0
984586927,2026-03-29T20:18:16.214000+00:00,66582.0,1.018e-05,buy,okx,BTC-USDT,0
984586926,2026-03-29T20:18:16.214000+00:00,66581.9,1.514e-05,buy,okx,BTC-USDT,0
984586925,2026-03-29T20:18:16.214000+00:00,66581.8,1.986e-05,buy,okx,BTC-USDT,0
984586924,2026-03-29T20:18:16.214000+00:00,66581.2,0.05534371,buy,okx,BTC-USDT,0
984586923,2026-03-29T20:18:16.214000+00:00,66580.6,0.00040429,buy,okx,BTC-USDT,0
984586922,2026-03-29T20:18:16.214000+00:00,66580.6,4.854e-05,buy,okx,BTC-USDT,0
984586921,2026-03-29T20:18:16.214000+00:00,66580.6,4.896e-05,buy,okx,BTC-USDT,0
984586920,2026-03-29T20:18:16.214000+00:00,66580.5,4.616e-05,buy,okx,BTC-USDT,0
984586919,2026-03-29T20:18:16.214000+00:00,66580.5,1.447e-05,buy,okx,BTC-USDT,0
984586918,2026-03-29T20:18:16.214000+00:00,66580.5,2.114e-05,buy,okx,BTC-USDT,0
984586917,2026-03-29T20:18:16.214000+00:00,66580.4,1.039e-05,buy,okx,BTC-USDT,0
984586916,2026-03-29T20:18:16.214000+00:00,66580.4,3.093e-05,buy,okx,BTC-USDT,0
984586915,2026-03-29T20:18:16.214000+00:00,66580.4,1.873e-05,buy,okx,BTC-USDT,0
984586914,2026-03-29T20:18:16.214000+00:00,66580.4,1.069e-05,buy,okx,BTC-USDT,0
984586913,2026-03-29T20:18:16.214000+00:00,66580.2,6.758e-05,buy,okx,BTC-USDT,0
984586912,2026-03-29T20:18:16.214000+00:00,66580.0,2.514e-05,buy,okx,BTC-USDT,0
984586911,2026-03-29T20:18:16.214000+00:00,66580.0,2.279e-05,buy,okx,BTC-USDT,0
984586910,2026-03-29T20:18:16.214000+00:00,66580.0,0.00046162,buy,okx,BTC-USDT,0
984586909,2026-03-29T20:18:16.214000+00:00,66579.6,1.427e-05,buy,okx,BTC-USDT,0
984586908,2026-03-29T20:18:16.214000+00:00,66579.5,0.0150399,buy,okx,BTC-USDT,0
984586907,2026-03-29T20:18:16.214000+00:00,66579.5,1.074e-05,buy,okx,BTC-USDT,0
984586906,2026-03-29T20:18:16.214000+00:00,66579.5,1.754e-05,buy,okx,BTC-USDT,0
984586905,2026-03-29T20:18:16.214000+00:00,66579.4,1.5e-05,buy,okx,BTC-USDT,0
984586904,2026-03-29T20:18:16.214000+00:00,66579.4,0.00264393,buy,okx,BTC-USDT,0
984586903,2026-03-29T20:18:16.214000+00:00,66579.3,1.068e-05,buy,okx,BTC-USDT,0
984586902,2026-03-29T20:18:16.214000+00:00,66579.2,1.063e-05,buy,okx,BTC-USDT,0
984586901,2026-03-29T20:18:16.214000+00:00,66579.0,0.00214506,buy,okx,BTC-USDT,0
984586900,2026-03-29T20:18:16.214000+00:00,66578.9,7.166e-05,buy,okx,BTC-USDT,0
984586899,2026-03-29T20:18:16.214000+00:00,66578.9,1.006e-05,buy,okx,BTC-USDT,0
984586898,2026-03-29T20:18:16.214000+00:00,66578.8,0.00028537,buy,okx,BTC-USDT,0
984586897,2026-03-29T20:18:16.214000+00:00,66578.7,0.5999,buy,okx,BTC-USDT,0
984586896,2026-03-29T20:18:16.214000+00:00,66578.6,0.18057498,buy,okx,BTC-USDT,0
984586895,2026-03-29T20:18:16.214000+00:00,66578.2,1.514e-05,buy,okx,BTC-USDT,0
984586894,2026-03-29T20:18:16.214000+00:00,66578.1,2.257e-05,buy,okx,BTC-USDT,0
984586893,2026-03-29T20:18:16.214000+00:00,66578.0,1.585e-05,buy,okx,BTC-USDT,0
984586892,2026-03-29T20:18:16.214000+00:00,66577.7,9.576e-05,buy,okx,BTC-USDT,0
984586891,2026-03-29T20:18:16.214000+00:00,66577.7,2.391e-05,buy,okx,BTC-USDT,0
984586890,2026-03-29T20:18:16.214000+00:00,66577.6,1.019e-05,buy,okx,BTC-USDT,0
984586889,2026-03-29T20:18:16.214000+00:00,66577.6,3.185e-05,buy,okx,BTC-USDT,0
984586888,2026-03-29T20:18:16.214000+00:00,66577.6,2.08e-05,buy,okx,BTC-USDT,0
984586887,2026-03-29T20:18:16.214000+00:00,66577.6,3.198e-05,buy,okx,BTC-USDT,0
984586886,2026-03-29T20:18:16.214000+00:00,66577.6,0.0003001,buy,okx,BTC-USDT,0
984586885,2026-03-29T20:18:16.214000+00:00,66577.6,6.435e-05,buy,okx,BTC-USDT,0
984586884,2026-03-29T20:18:16.214000+00:00,66577.6,0.00041301,buy,okx,BTC-USDT,0
984586883,2026-03-29T20:18:16.214000+00:00,66577.6,3.222e-05,buy,okx,BTC-USDT,0
984586882,2026-03-29T20:18:16.214000+00:00,66577.4,6.573e-05,buy,okx,BTC-USDT,0
984586881,2026-03-29T20:18:16.214000+00:00,66577.3,1.001e-05,buy,okx,BTC-USDT,0
984586880,2026-03-29T20:18:16.214000+00:00,66577.3,1.331e-05,buy,okx,BTC-USDT,0
984586879,2026-03-29T20:18:16.214000+00:00,66577.3,8.327e-05,buy,okx,BTC-USDT,0
984586878,2026-03-29T20:18:16.214000+00:00,66577.3,1.379e-05,buy,okx,BTC-USDT,0
984586877,2026-03-29T20:18:16.214000+00:00,66577.3,2.904e-05,buy,okx,BTC-USDT,0
984586876,2026-03-29T20:18:16.214000+00:00,66577.3,0.00024733,buy,okx,BTC-USDT,0
984586875,2026-03-29T20:18:16.214000+00:00,66577.3,1.019e-05,buy,okx,BTC-USDT,0
984586874,2026-03-29T20:18:16.214000+00:00,66577.0,0.00036,buy,okx,BTC-USDT,0
984586873,2026-03-29T20:18:16.214000+00:00,66576.9,1.14011792,buy,okx,BTC-USDT,0
984586872,2026-03-29T20:18:16.214000+00:00,66576.9,1.318e-05,buy,okx,BTC-USDT,0
984586871,2026-03-29T20:18:16.214000+00:00,66576.2,8.222e-05,buy,okx,BTC-USDT,0
984586870,2026-03-29T20:18:16.214000+00:00,66576.2,0.00015515,buy,okx,BTC-USDT,0
984586869,2026-03-29T20:18:16.214000+00:00,66576.2,0.00016193,buy,okx,BTC-USDT,0
984586868,2026-03-29T20:18:16.214000+00:00,66576.2,0.00022619,buy,okx,BTC-USDT,0
984586867,2026-03-29T20:18:16.214000+00:00,66576.2,0.00011907,buy,okx,BTC-USDT,0
984586866,2026-03-29T20:18:16.214000+00:00,66576.2,1.344e-05,buy,okx,BTC-USDT,0
984586865,2026-03-29T20:18:16.214000+00:00,66576.2,1.044e-05,buy,okx,BTC-USDT,0
984586864,2026-03-29T20:18:16.214000+00:00,66576.2,7.942e-05,buy,okx,BTC-USDT,0
984586863,2026-03-29T20:18:16.214000+00:00,66576.2,1.485e-05,buy,okx,BTC-USDT,0
984586862,2026-03-29T20:18:16.214000+00:00,66576.2,5.962e-05,buy,okx,BTC-USDT,0
984586861,2026-03-29T20:18:16.214000+00:00,66576.2,0.00019245,buy,okx,BTC-USDT,0
984586860,2026-03-29T20:18:16.214000+00:00,66576.2,2.397e-05,buy,okx,BTC-USDT,0
984586859,2026-03-29T20:18:16.214000+00:00,66576.0,0.00072,buy,okx,BTC-USDT,0
984586858,2026-03-29T20:18:16.214000+00:00,66575.8,8.979e-05,buy,okx,BTC-USDT,0
984586857,2026-03-29T20:18:16.214000+00:00,66575.8,1.292e-05,buy,okx,BTC-USDT,0
984586856,2026-03-29T20:18:16.214000+00:00,66575.8,1.257e-05,buy,okx,BTC-USDT,0
984586855,2026-03-29T20:18:16.214000+00:00,66575.8,3.996e-05,buy,okx,BTC-USDT,0
984586854,2026-03-29T20:18:16.214000+00:00,66575.7,0.00211458,buy,okx,BTC-USDT,0
984586853,2026-03-29T20:18:16.214000+00:00,66575.4,1.012e-05,buy,okx,BTC-USDT,0
984586852,2026-03-29T20:18:16.214000+00:00,66575.4,6.44e-05,buy,okx,BTC-USDT,0
984586851,2026-03-29T20:18:16.214000+00:00,66575.4,1.362e-05,buy,okx,BTC-USDT,0
984586850,2026-03-29T20:18:16.214000+00:00,66575.3,1.034e-05,buy,okx,BTC-USDT,0
984586849,2026-03-29T20:18:16.214000+00:00,66575.3,3.059e-05,buy,okx,BTC-USDT,0
984586848,2026-03-29T20:18:16.214000+00:00,66575.2,4.866e-05,buy,okx,BTC-USDT,0
984586847,2026-03-29T20:18:16.214000+00:00,66575.1,0.34783312,buy,okx,BTC-USDT,0
984586846,2026-03-29T20:18:16.214000+00:00,66572.2,0.00458794,buy,okx,BTC-USDT,0
984586845,2026-03-29T20:18:16.214000+00:00,66572.2,0.01303127,buy,okx,BTC-USDT,0
984586844,2026-03-29T20:18:16.214000+00:00,66572.2,0.00253127,buy,okx,BTC-USDT,0
984586843,2026-03-29T20:18:16.214000+00:00,66572.1,0.00258794,buy,okx,BTC-USDT,0
984586842,2026-03-29T20:18:16.214000+00:00,66571.9,0.09006,buy,okx,BTC-USDT,0
984586841,2026-03-29T20:18:16.213000+00:00,66570.0,0.00022503,sell,okx,BTC-USDT,0
984586840,2026-03-29T20:18:16.212000+00:00,66571.9,0.00074,buy,okx,BTC-USDT,0
984586839,2026-03-29T20:18:16.209000+00:00,66570.1,0.00074,buy,okx,BTC-USDT,0
984586838,2026-03-29T20:18:16.207000+00:00,66575.1,0.0028753,buy,okx,BTC-USDT,0
984586837,2026-03-29T20:18:16.207000+00:00,66574.9,1.471e-05,buy,okx,BTC-USDT,0
984586836,2026-03-29T20:18:16.207000+00:00,66574.5,0.0060123,buy,okx,BTC-USDT,0
984586835,2026-03-29T20:18:16.207000+00:00,66574.1,2.268e-05,buy,okx,BTC-USDT,0
984586834,2026-03-29T20:18:16.207000+00:00,66573.6,1.514e-05,buy,okx,BTC-USDT,0
984586833,2026-03-29T20:18:16.207000+00:00,66573.6,2.241e-05,buy,okx,BTC-USDT,0
984586832,2026-03-29T20:18:16.207000+00:00,66573.3,1.261e-05,buy,okx,BTC-USDT,0
984586831,2026-03-29T20:18:16.207000+00:00,66573.3,1.7e-05,buy,okx,BTC-USDT,0
984586830,2026-03-29T20:18:16.207000+00:00,66573.1,0.0152,buy,okx,BTC-USDT,0
984586829,2026-03-29T20:18:16.207000+00:00,66573.1,1.008e-05,buy,okx,BTC-USDT,0
984586828,2026-03-29T20:18:16.207000+00:00,66573.1,0.00023121,buy,okx,BTC-USDT,0
984586827,2026-03-29T20:18:16.207000+00:00,66573.1,0.00211004,buy,okx,BTC-USDT,0
984586826,2026-03-29T20:18:16.207000+00:00,66573.1,0.00080711,buy,okx,BTC-USDT,0
984586825,2026-03-29T20:18:16.207000+00:00,66572.7,1.5e-05,buy,okx,BTC-USDT,0
984586824,2026-03-29T20:18:16.207000+00:00,66572.7,2.433e-05,buy,okx,BTC-USDT,0
984586823,2026-03-29T20:18:16.207000+00:00,66572.5,1.008e-05,buy,okx,BTC-USDT,0
984586822,2026-03-29T20:18:16.206000+00:00,66567.4,0.0028284,buy,okx,BTC-USDT,0
984586821,2026-03-29T20:18:16.206000+00:00,66566.2,0.00377161,buy,okx,BTC-USDT,0
984586820,2026-03-29T20:18:16.206000+00:00,66565.2,0.0009,buy,okx,BTC-USDT,0
984586819,2026-03-29T20:18:16.205000+00:00,66566.2,0.00752031,buy,okx,BTC-USDT,0
984586818,2026-03-29T20:18:16.202000+00:00,66563.0,0.00074,buy,okx,BTC-USDT,0
984586817,2026-03-29T20:18:16.202000+00:00,66566.2,0.00074,buy,okx,BTC-USDT,0
984586816,2026-03-29T20:18:16.198000+00:00,66572.2,0.0370922,buy,okx,BTC-USDT,0
984586815,2026-03-29T20:18:16.198000+00:00,66572.1,7e-05,buy,okx,BTC-USDT,0
984586814,2026-03-29T20:18:16.198000+00:00,66571.7,1.391e-05,buy,okx,BTC-USDT,0
984586813,2026-03-29T20:18:16.198000+00:00,66571.4,0.00237121,buy,okx,BTC-USDT,0
984586812,2026-03-29T20:18:16.198000+00:00,66571.4,0.00136794,buy,okx,BTC-USDT,0
984586811,2026-03-29T20:18:16.198000+00:00,66571.4,0.00014562,buy,okx,BTC-USDT,0
984586810,2026-03-29T20:18:16.198000+00:00,66571.4,1.025e-05,buy,okx,BTC-USDT,0
984586809,2026-03-29T20:18:16.198000+00:00,66571.4,0.00016579,buy,okx,BTC-USDT,0
984586808,2026-03-29T20:18:16.198000+00:00,66571.4,1.913e-05,buy,okx,BTC-USDT,0
984586807,2026-03-29T20:18:16.198000+00:00,66571.4,1.107e-05,buy,okx,BTC-USDT,0
984586806,2026-03-29T20:18:16.198000+00:00,66571.4,0.00022015,buy,okx,BTC-USDT,0
984586805,2026-03-29T20:18:16.198000+00:00,66571.4,1.264e-05,buy,okx,BTC-USDT,0
984586804,2026-03-29T20:18:16.198000+00:00,66571.4,6.043e-05,buy,okx,BTC-USDT,0
984586803,2026-03-29T20:18:16.198000+00:00,66571.4,0.00028711,buy,okx,BTC-USDT,0
984586802,2026-03-29T20:18:16.198000+00:00,66571.4,4.995e-05,buy,okx,BTC-USDT,0
984586801,2026-03-29T20:18:16.198000+00:00,66571.4,0.00087343,buy,okx,BTC-USDT,0
984586800,2026-03-29T20:18:16.198000+00:00,66571.4,1.227e-05,buy,okx,BTC-USDT,0
984586799,2026-03-29T20:18:16.198000+00:00,66571.3,0.04762119,buy,okx,BTC-USDT,0
984586798,2026-03-29T20:18:16.198000+00:00,66570.9,1.514e-05,buy,okx,BTC-USDT,0
984586797,2026-03-29T20:18:16.198000+00:00,66570.9,4.698e-05,buy,okx,BTC-USDT,0
984586796,2026-03-29T20:18:16.198000+00:00,66570.7,1.024e-05,buy,okx,BTC-USDT,0
984586795,2026-03-29T20:18:16.198000+00:00,66570.5,0.00097234,buy,okx,BTC-USDT,0
984586794,2026-03-29T20:18:16.198000+00:00,66570.2,0.00645383,buy,okx,BTC-USDT,0
984586793,2026-03-29T20:18:16.198000+00:00,66570.1,1.37e-05,buy,okx,BTC-USDT,0
984586792,2026-03-29T20:18:16.198000+00:00,66570.1,1.249e-05,buy,okx,BTC-USDT,0
984586791,2026-03-29T20:18:16.198000+00:00,66570.1,3.128e-05,buy,okx,BTC-USDT,0
984586790,2026-03-29T20:18:16.198000+00:00,66570.0,3.097e-05,buy,okx,BTC-USDT,0
984586789,2026-03-29T20:18:16.198000+00:00,66569.6,0.01326182,buy,okx,BTC-USDT,0
984586788,2026-03-29T20:18:16.198000+00:00,66569.6,0.00043491,buy,okx,BTC-USDT,0
984586787,2026-03-29T20:18:16.198000+00:00,66569.2,6.6e-05,buy,okx,BTC-USDT,0
984586786,2026-03-29T20:18:16.198000+00:00,66569.2,0.00041222,buy,okx,BTC-USDT,0
984587293,2026-03-29T20:19:14.559000+00:00,66574.5,1.514e-05,buy,okx,BTC-USDT,1
984587292,2026-03-29T20:19:14.559000+00:00,66572.5,0.0022,buy,okx,BTC-USDT,1
984587291,2026-03-29T20:19:14.559000+00:00,66572.2,0.0030059,buy,okx,BTC-USDT,1
984587290,2026-03-29T20:19:14.558000+00:00,66571.4,0.03004,buy,okx,BTC-USDT,1
984587289,2026-03-29T20:19:14.558000+00:00,66568.8,0.00063549,buy,okx,BTC-USDT,1
984587288,2026-03-29T20:19:14.557000+00:00,66568.8,0.0170235,buy,okx,BTC-USDT,1
984587287,2026-03-29T20:19:14.557000+00:00,66568.1,0.0030065,buy,okx,BTC-USDT,1
984587286,2026-03-29T20:19:13.468000+00:00,66568.0,0.00058606,sell,okx,BTC-USDT,1
